doc_id,download_url,file_path
2265-02,N/A,doc-archive/2022/01/31/2265-02/unavailable.txt
2264-45,N/A,doc-archive/2022/01/27/2264-45/unavailable.txt
2263-11,N/A,doc-archive/2022/01/19/2263-11/unavailable.txt
2263-12,N/A,doc-archive/2022/01/19/2263-12/unavailable.txt
2262-69,N/A,doc-archive/2022/01/15/2262-69/unavailable.txt
2262-46,N/A,doc-archive/2022/01/14/2262-46/unavailable.txt
2262-39,N/A,doc-archive/2022/01/13/2262-39/unavailable.txt
2262-03,N/A,doc-archive/2022/01/10/2262-03/unavailable.txt
2262-04,N/A,doc-archive/2022/01/10/2262-04/unavailable.txt
2261-72,N/A,doc-archive/2022/01/07/2261-72/unavailable.txt
2261-41,N/A,doc-archive/2022/01/06/2261-41/unavailable.txt
2261-60,N/A,doc-archive/2022/01/06/2261-60/unavailable.txt
2261-65,N/A,doc-archive/2022/01/06/2261-65/unavailable.txt
2261-66,N/A,doc-archive/2022/01/06/2261-66/unavailable.txt
2261-04,N/A,doc-archive/2022/01/03/2261-04/unavailable.txt
2269-03,N/A,doc-archive/2022/02/28/2269-03/unavailable.txt
2268-80,N/A,doc-archive/2022/02/25/2268-80/unavailable.txt
2268-11,N/A,doc-archive/2022/02/21/2268-11/unavailable.txt
1167-23,N/A,doc-archive/2022/02/17/1167-23/unavailable.txt
2267-34,N/A,doc-archive/2022/02/17/2267-34/unavailable.txt
2267-03,N/A,doc-archive/2022/02/14/2267-03/unavailable.txt
2266-40,N/A,doc-archive/2022/02/10/2266-40/unavailable.txt
2265-35,N/A,doc-archive/2022/02/02/2265-35/unavailable.txt
2265-36,N/A,doc-archive/2022/02/02/2265-36/unavailable.txt
2273-75,N/A,doc-archive/2022/03/31/2273-75/unavailable.txt
2273-23,N/A,doc-archive/2022/03/29/2273-23/unavailable.txt
2272-08,N/A,doc-archive/2022/03/21/2272-08/unavailable.txt
2271-35,N/A,doc-archive/2022/03/16/2271-35/unavailable.txt
2270-68,N/A,doc-archive/2022/03/11/2270-68/unavailable.txt
2270-69,N/A,doc-archive/2022/03/11/2270-69/unavailable.txt
2270-70,N/A,doc-archive/2022/03/11/2270-70/unavailable.txt
2270-07,N/A,doc-archive/2022/03/08/2270-07/unavailable.txt
2269-41,N/A,doc-archive/2022/03/03/2269-41/unavailable.txt
2277-54,N/A,doc-archive/2022/04/28/2277-54/unavailable.txt
2277-38,N/A,doc-archive/2022/04/27/2277-38/unavailable.txt
2277-39,N/A,doc-archive/2022/04/27/2277-39/unavailable.txt
2277-40,N/A,doc-archive/2022/04/27/2277-40/unavailable.txt
2276-29,N/A,doc-archive/2022/04/22/2276-29/unavailable.txt
2276-32,N/A,doc-archive/2022/04/22/2276-32/unavailable.txt
2276-55,N/A,doc-archive/2022/04/22/2276-55/unavailable.txt
2278-58,N/A,doc-archive/2022/04/22/2278-58/unavailable.txt
2276-07,N/A,doc-archive/2022/04/19/2276-07/unavailable.txt
2274-40,N/A,doc-archive/2022/04/08/2274-40/unavailable.txt
2281-20,N/A,doc-archive/2022/05/25/2281-20/unavailable.txt
2281-21,N/A,doc-archive/2022/05/25/2281-21/unavailable.txt
2280-02,N/A,doc-archive/2022/05/16/2280-02/unavailable.txt
2280-06,N/A,doc-archive/2022/05/16/2280-06/unavailable.txt
2280-13,N/A,doc-archive/2022/05/16/2280-13/unavailable.txt
2280-16,N/A,doc-archive/2022/05/16/2280-16/unavailable.txt
2279-24,N/A,doc-archive/2022/05/14/2279-24/unavailable.txt
2279-06,N/A,doc-archive/2022/05/09/2279-06/unavailable.txt
2279-07,N/A,doc-archive/2022/05/09/2279-07/unavailable.txt
2279-10,N/A,doc-archive/2022/05/09/2279-10/unavailable.txt
2286-21,N/A,doc-archive/2022/06/28/2286-21/unavailable.txt
2286-03,N/A,doc-archive/2022/06/27/2286-03/unavailable.txt
2286-15,N/A,doc-archive/2022/06/27/2286-15/unavailable.txt
2286-16,N/A,doc-archive/2022/06/27/2286-16/unavailable.txt
2286-17,N/A,doc-archive/2022/06/27/2286-17/unavailable.txt
2285-07,N/A,doc-archive/2022/06/22/2285-07/unavailable.txt
2284-23,N/A,doc-archive/2022/06/16/2284-23/unavailable.txt
2284-13,N/A,doc-archive/2022/06/15/2284-13/unavailable.txt
2283-36,N/A,doc-archive/2022/06/09/2283-36/unavailable.txt
2283-63,N/A,doc-archive/2022/06/04/2283-63/unavailable.txt
2282-31,N/A,doc-archive/2022/06/01/2282-31/unavailable.txt
2282-84,N/A,doc-archive/2022/06/01/2282-84/unavailable.txt
2290-10,N/A,doc-archive/2022/07/25/2290-10/unavailable.txt
2289-31,N/A,doc-archive/2022/07/20/2289-31/unavailable.txt
2289-32,N/A,doc-archive/2022/07/20/2289-32/unavailable.txt
2288-07,N/A,doc-archive/2022/07/11/2288-07/unavailable.txt
2294-71,N/A,doc-archive/2022/08/27/2294-71/unavailable.txt
2294-72,N/A,doc-archive/2022/08/27/2294-72/unavailable.txt
2294-61,N/A,doc-archive/2022/08/26/2294-61/unavailable.txt
2294-63,N/A,doc-archive/2022/08/26/2294-63/unavailable.txt
2294-64,N/A,doc-archive/2022/08/26/2294-64/unavailable.txt
2294-45,N/A,doc-archive/2022/08/25/2294-45/unavailable.txt
2294-47,N/A,doc-archive/2022/08/25/2294-47/unavailable.txt
2293-72,N/A,doc-archive/2022/08/20/2293-72/unavailable.txt
2293-73,N/A,doc-archive/2022/08/20/2293-73/unavailable.txt
2292-62,N/A,doc-archive/2022/08/19/2292-62/unavailable.txt
2293-26,N/A,doc-archive/2022/08/17/2293-26/unavailable.txt
2293-27,N/A,doc-archive/2022/08/17/2293-27/unavailable.txt
2293-20,N/A,doc-archive/2022/08/16/2293-20/unavailable.txt
2293-09,N/A,doc-archive/2022/08/15/2293-09/unavailable.txt
2292-58,N/A,doc-archive/2022/08/13/2292-58/unavailable.txt
2292-04,N/A,doc-archive/2022/08/08/2292-04/unavailable.txt
2291-29,N/A,doc-archive/2022/08/03/2291-29/unavailable.txt
2291-05,N/A,doc-archive/2022/08/01/2291-05/unavailable.txt
2291-61,N/A,doc-archive/2022/09/30/2291-61/unavailable.txt
2299-05,N/A,doc-archive/2022/09/26/2299-05/unavailable.txt
2298-49,N/A,doc-archive/2022/09/22/2298-49/unavailable.txt
2297-94,N/A,doc-archive/2022/09/17/2297-94/unavailable.txt
2297-63,N/A,doc-archive/2022/09/16/2297-63/unavailable.txt
2297-56,N/A,doc-archive/2022/09/15/2297-56/unavailable.txt
2297-57,N/A,doc-archive/2022/09/15/2297-57/unavailable.txt
2297-58,N/A,doc-archive/2022/09/15/2297-58/unavailable.txt
2297-30,N/A,doc-archive/2022/09/13/2297-30/unavailable.txt
2297-29,N/A,doc-archive/2022/09/12/2297-29/unavailable.txt
2295-20,N/A,doc-archive/2022/09/01/2295-20/unavailable.txt
2303-72,N/A,doc-archive/2022/10/29/2303-72/unavailable.txt
2303-49,N/A,doc-archive/2022/10/28/2303-49/unavailable.txt
2302-45,N/A,doc-archive/2022/10/22/2302-45/unavailable.txt
2302-14,N/A,doc-archive/2022/10/18/2302-14/unavailable.txt
2302-15,N/A,doc-archive/2022/10/18/2302-15/unavailable.txt
2302-04,N/A,doc-archive/2022/10/17/2302-04/unavailable.txt
2302-05,N/A,doc-archive/2022/10/17/2302-05/unavailable.txt
2302-06,N/A,doc-archive/2022/10/17/2302-06/unavailable.txt
2301-60,N/A,doc-archive/2022/10/15/2301-60/unavailable.txt
2301-61,N/A,doc-archive/2022/10/15/2301-61/unavailable.txt
2301-63,N/A,doc-archive/2022/10/15/2301-63/unavailable.txt
2301-57,N/A,doc-archive/2022/10/14/2301-57/unavailable.txt
2300-18,N/A,doc-archive/2022/10/05/2300-18/unavailable.txt
2308-15,N/A,doc-archive/2022/11/30/2308-15/unavailable.txt
2308-06,N/A,doc-archive/2022/11/28/2308-06/unavailable.txt
2307-65,N/A,doc-archive/2022/11/25/2307-65/unavailable.txt
2307-05,N/A,doc-archive/2022/11/21/2307-05/unavailable.txt
2307-06,N/A,doc-archive/2022/11/21/2307-06/unavailable.txt
2306-68,N/A,doc-archive/2022/11/18/2306-68/unavailable.txt
2306-04,N/A,doc-archive/2022/11/14/2306-04/unavailable.txt
2305-39,N/A,doc-archive/2022/11/11/2305-39/unavailable.txt
2304-86,N/A,doc-archive/2022/11/05/2304-86/unavailable.txt
2304-54,N/A,doc-archive/2022/11/03/2304-54/unavailable.txt
2304-40,N/A,doc-archive/2022/11/02/2304-40/unavailable.txt
2312-39,N/A,doc-archive/2022/12/29/2312-39/unavailable.txt
2312-42,N/A,doc-archive/2022/12/29/2312-42/unavailable.txt
2312-33,N/A,doc-archive/2022/12/28/2312-33/unavailable.txt
2312-34,N/A,doc-archive/2022/12/28/2312-34/unavailable.txt
2312-05,N/A,doc-archive/2022/12/27/2312-05/unavailable.txt
2312-06,N/A,doc-archive/2022/12/27/2312-06/unavailable.txt
2312-11,N/A,doc-archive/2022/12/27/2312-11/unavailable.txt
2312-12,N/A,doc-archive/2022/12/27/2312-12/unavailable.txt
2311-16,N/A,doc-archive/2022/12/26/2311-16/unavailable.txt
2312-03,N/A,doc-archive/2022/12/26/2312-03/unavailable.txt
2311-33,N/A,doc-archive/2022/12/22/2311-33/unavailable.txt
2311-17,N/A,doc-archive/2022/12/20/2311-17/unavailable.txt
2311-06,N/A,doc-archive/2022/12/19/2311-06/unavailable.txt
2310-65,N/A,doc-archive/2022/12/17/2310-65/unavailable.txt
2310-08,N/A,doc-archive/2022/12/12/2310-08/unavailable.txt
2309-09,N/A,doc-archive/2022/12/06/2309-09/unavailable.txt
2309-10,N/A,doc-archive/2022/12/06/2309-10/unavailable.txt
2309-13,N/A,doc-archive/2022/12/06/2309-13/unavailable.txt
2308-52,N/A,doc-archive/2022/12/02/2308-52/unavailable.txt
